Date,Open,High,Low,Close,Volume,Adj Close
28-05-2015,495,506.75,494.075012,503.575012,421436,399.109436
29-05-2015,504.25,513.375,500.937988,505.600006,746392,400.714386
01-06-2015,507.5,515.75,505.825012,511.424988,316300,405.330963
02-06-2015,511.25,513.700012,501.274994,502.200012,555136,398.019714
03-06-2015,505,515,502.062012,505.774994,696708,400.852997
04-06-2015,507.75,514.150024,503.587006,507.013,345768,401.834229
05-06-2015,509.75,511,502.287994,503.024994,479684,398.673523
08-06-2015,503,505.062012,497.5,500.062012,224292,396.325165
09-06-2015,503.25,503.25,496.274994,498.138,651432,394.800323
10-06-2015,502.5,509.924988,496.5,506.549988,424344,401.467316
11-06-2015,508.75,511.25,499.263,500.462006,876372,396.642273
12-06-2015,500.5,506.125,488.875,494.162994,1457624,391.649963
15-06-2015,490,499.424988,484.25,495.549988,705134,404.832825
16-06-2015,497,501,492.5,499.725006,249144,408.24353
17-06-2015,503.5,510.200012,496.649994,497.899994,401368,406.752655
18-06-2015,500.125,502.975006,498,500.450012,196586,408.835876
19-06-2015,502.5,505.149994,496.25,498.375,211216,407.140656
22-06-2015,504.5,514.400024,498.75,512.200012,379194,418.434875
23-06-2015,512.5,514,499.549988,500.575012,439428,408.937927
24-06-2015,505,506.700012,495.799988,497.549988,303674,406.466705
25-06-2015,500,501.5,493.924988,495.575012,375776,404.853241
26-06-2015,497.5,505.875,497.5,503.049988,354312,410.959869
29-06-2015,494,499.5,490,495.125,429556,404.485657
30-06-2015,496.5,496.5,491.549988,492.674988,261804,402.484161
01-07-2015,495,500,493.075012,498.850006,184536,407.528778
02-07-2015,500,500.200012,492.575012,494.075012,247628,403.627838
03-07-2015,493.5,496.5,491.774994,494.975006,194282,404.363098
06-07-2015,490,494.125,487.75,491.75,275000,401.728455
07-07-2015,495,495.375,490.024994,491.024994,173050,401.136169
08-07-2015,492.5,492.5,477.5,478.600006,670570,390.985809
09-07-2015,480,483.475006,467,468.850006,651170,383.02063
10-07-2015,475,475.924988,466.274994,468.5,308046,382.734741
13-07-2015,470,477.225006,467.049988,475.024994,398782,388.065216
14-07-2015,477.5,486.799988,472.674988,485.049988,536338,396.255035
15-07-2015,485.950012,492.600006,484.5,491.325012,270028,401.381287
16-07-2015,492.75,495.600006,489.549988,493.899994,197530,403.484863
17-07-2015,494.950012,501.975006,494.5,501,397040,409.285156
20-07-2015,501.625,505,493.625,500.950012,347480,409.244385
21-07-2015,511.100006,563.875,511.100006,556.325012,2835130,454.482117
22-07-2015,552.5,555.724976,537.875,551.299988,608726,450.377106
23-07-2015,551.5,558.849976,545.5,549.424988,368126,448.845337
24-07-2015,550,553.099976,541.200012,544.674988,247380,444.964813
27-07-2015,544.5,544.5,530.25,532.5,442272,435.018646
28-07-2015,538.5,538.5,527.75,531.75,252208,434.405884
29-07-2015,534,546.125,532.5,542.599976,260698,443.269714
30-07-2015,545,545,529.875,534.549988,222822,436.693359
31-07-2015,539.5,540.599976,530.799988,539.025024,286918,440.349182
03-08-2015,540,545.75,534.5,539.525024,253720,440.75766
04-08-2015,539,540,526.5,529.900024,352202,432.894653
05-08-2015,532.5,545,532.5,543.275024,215864,443.821136
06-08-2015,545.099976,552.974976,539.5,544.724976,371854,445.005676
07-08-2015,544.724976,550.450012,540,547.799988,204284,447.517731
10-08-2015,548.5,553,534.049988,540.974976,205472,441.942108
11-08-2015,549.450012,557.5,536.75,552.174988,456668,451.091797
12-08-2015,555,573.5,555,570.875,509318,466.368622
13-08-2015,573.5,583,565,578.424988,590616,472.536499
14-08-2015,583,584.400024,571.5,574.5,369230,469.330048
17-08-2015,575,575.375,561.25,570.924988,188892,466.409424
18-08-2015,573.5,588.5,573.5,581.900024,365950,475.375305
19-08-2015,583,593,581.900024,587.525024,569144,479.970612
20-08-2015,585,585,565.099976,569.099976,477064,464.918549
21-08-2015,570.5,579.700012,559.549988,575.299988,465234,469.983551
24-08-2015,560,561.5,540.025024,546.325012,680698,446.312805
25-08-2015,548,560,522.5,543.25,505044,443.80072
26-08-2015,549.5,549.5,529.799988,532.674988,374788,435.161621
27-08-2015,545,549.450012,538.25,542.049988,239770,442.820404
28-08-2015,547.599976,562,547.5,555.349976,340600,453.685638
31-08-2015,565,565,541.799988,547.599976,389940,447.35434
01-09-2015,544.974976,557.200012,541.049988,544.825012,388726,445.087372
02-09-2015,550,557.299988,545.049988,550.150024,314152,449.437592
03-09-2015,555,555.525024,546.974976,550.325012,169652,449.580566
04-09-2015,553.900024,555,534,536.900024,316660,438.61322
07-09-2015,540.5,542,527.5,529.799988,229390,432.812988
08-09-2015,531.5,537.224976,526.174988,529.650024,289944,432.69043
09-09-2015,544,549.5,536.25,544.25,295314,444.617645
10-09-2015,544,545.349976,530.849976,540.174988,249656,441.288666
11-09-2015,546,552.724976,542.625,545.349976,264426,445.516235
14-09-2015,548.099976,550,541.275024,548.875,175970,448.395966
15-09-2015,549.5,552.150024,544.049988,549.200012,171054,448.661499
16-09-2015,552.5,554.224976,549.099976,550.75,509406,449.927704
18-09-2015,555,559,549.625,552.375,286152,451.25531
21-09-2015,550,554.099976,548.5,552.325012,174482,451.214447
22-09-2015,557.5,567.700012,550,552.75,378242,451.561615
23-09-2015,554.900024,563,548.75,558.325012,222834,456.116028
24-09-2015,555.5,574.799988,555.025024,570.700012,397886,466.225647
28-09-2015,570,571.674988,551.525024,554.099976,305320,452.66449
29-09-2015,551,566,549,560.549988,335232,457.933685
30-09-2015,566.5,582.674988,563.775024,580.224976,434424,474.006958
01-10-2015,584.950012,598.5,581.174988,586.625,435728,479.235352
05-10-2015,588.025024,594.450012,581.275024,590.25,299074,482.196777
06-10-2015,592.5,595,574.299988,577.424988,403586,471.719421
07-10-2015,578.950012,584.450012,564.174988,566.575012,407706,462.855804
08-10-2015,570,574.825012,563,566.224976,283918,462.569794
09-10-2015,566.5,586.299988,566.5,583.924988,727298,477.029602
12-10-2015,601.349976,609.5,554.450012,561.25,2542272,458.505554
13-10-2015,553.5,557.400024,543.549988,549.325012,916376,448.763611
14-10-2015,545,557.5,545,548.724976,480008,448.273468
15-10-2015,551,554,544.5,548.5,414802,448.089661
16-10-2015,550,551.599976,545,546.875,290134,455.058533
19-10-2015,550,558.5,550,556.099976,316740,462.73468
20-10-2015,556.5,564.900024,555.799988,562.674988,340046,468.205811
21-10-2015,562.974976,573,562.674988,568.799988,342012,473.30246
23-10-2015,570,576,562.549988,574.275024,298394,477.858276
26-10-2015,575,578.625,571.5,575.700012,216648,479.044037
27-10-2015,575.5,577,572,574.224976,128126,477.81665
28-10-2015,573,580,569.75,575.674988,195024,479.023163
29-10-2015,575,577.5,568,571.349976,135184,475.424347
30-10-2015,571.349976,572,565.25,568.025024,149532,472.657562
02-11-2015,565,567.5,557.150024,565.775024,160650,470.785339
03-11-2015,567,574.5,567,571.5,217568,475.549225
04-11-2015,574,577.799988,566.549988,568.525024,184770,473.073669
05-11-2015,569.5,572.424988,558.525024,561.224976,290764,466.999176
06-11-2015,562.5,571.349976,562.5,569.025024,162332,473.489716
09-11-2015,560,568.825012,557.5,566.974976,183944,471.783905
10-11-2015,567,567,551,553.200012,227256,460.321564
13-11-2015,553.5,553.5,545,550.224976,176286,457.846069
16-11-2015,542.5,546.875,533.549988,540.099976,318022,449.421021
17-11-2015,541,542,526.025024,530.549988,663038,441.474335
18-11-2015,522,522.174988,506.125,509.924988,817628,424.312195
19-11-2015,516,525.875,512.299988,523.650024,601380,435.732819
20-11-2015,525,531,521.325012,526.450012,282128,438.062683
23-11-2015,525.75,530.650024,519.025024,526.75,250472,438.312408
24-11-2015,522.5,525,518.5,520.5,241398,433.111725
26-11-2015,522,529.349976,517.5,526.599976,246762,438.187531
27-11-2015,525,534.825012,523.099976,533.150024,234744,443.637848
30-11-2015,535,549,528,544.224976,300878,452.853394
01-12-2015,544.25,546.525024,536,538.325012,206418,447.944031
02-12-2015,541,541,529.025024,530.099976,200834,441.099915
03-12-2015,531.25,532.625,525,528,354260,439.352478
04-12-2015,526.5,531.799988,520.450012,523.900024,627738,435.940857
07-12-2015,526,529.275024,520.125,522.924988,179544,435.129547
08-12-2015,522.5,531,520.549988,522.474976,185192,434.755127
09-12-2015,522,523.799988,511.75,514.674988,742714,428.264709
10-12-2015,517.549988,525.75,515.224976,523.200012,429594,435.358429
11-12-2015,525.049988,530.450012,523,526.174988,366480,437.833893
14-12-2015,525,536.650024,524.5,534.75,304450,444.969269
15-12-2015,537.5,539.900024,529.075012,538.450012,244454,448.048004
16-12-2015,540,548.900024,540,547.700012,228204,455.744965
17-12-2015,550,555,544,553.474976,478466,460.550354
18-12-2015,549,551.474976,540.049988,542.974976,362608,451.813293
21-12-2015,537.5,552.375,535.450012,551,226296,458.490967
22-12-2015,550,550,540.25,541.799988,203308,450.835571
23-12-2015,544,550,543.5,549,169938,456.826721
24-12-2015,550,551.700012,545.200012,547.924988,89454,455.93222
28-12-2015,546.349976,553.799988,545,550.825012,159150,458.345367
29-12-2015,550.549988,554.825012,548.75,551.875,112406,459.219025
30-12-2015,550,553.174988,541.75,543.025024,182804,451.85495
31-12-2015,544,554.5,544,552.275024,161366,459.55191
01-01-2016,550,554.450012,547.150024,551.575012,108246,458.969452
04-01-2016,551.575012,551.575012,538.75,540.299988,173522,449.587433
05-01-2016,541.5,544,531.5,537.400024,236656,447.174347
06-01-2016,536.5,537.25,529.549988,534.724976,216180,444.948425
07-01-2016,530,533.974976,524.150024,525.625,192644,437.376221
08-01-2016,528,534.25,527.950012,531.325012,168836,442.119263
11-01-2016,530,534.724976,526.25,528.549988,515436,439.81015
12-01-2016,529.5,530.75,515.924988,525.025024,279796,436.876953
13-01-2016,525,545,523.799988,541.174988,492856,450.315491
14-01-2016,534,577.5,527.474976,564.349976,3483380,469.599579
15-01-2016,572.5,581.724976,568.275024,570.099976,491482,474.384186
18-01-2016,569,580.724976,564,565.974976,364782,470.951782
19-01-2016,567.5,579.349976,564.75,569.549988,714206,473.926514
20-01-2016,569.549988,572.5,558.299988,560.825012,421832,466.666382
21-01-2016,564,571.25,561.25,568.25,316252,472.844788
22-01-2016,570,576,565,567.950012,229020,472.595215
25-01-2016,570,573.474976,562.799988,568.825012,165914,473.323303
27-01-2016,574.700012,574.924988,568,569.174988,130296,473.614502
28-01-2016,569,571.25,563.849976,565.674988,103440,470.702087
29-01-2016,567.5,584.849976,566,582.424988,507566,484.639923
01-02-2016,585,589.924988,581.5,585.650024,162792,487.323456
02-02-2016,586,594.125,584,587.400024,318504,488.779663
03-02-2016,585.5,587.5,576.349976,579.075012,118190,481.852386
04-02-2016,582,596.799988,580.875,589.950012,222264,490.90155
05-02-2016,589.5,592.724976,586.049988,587.474976,128474,488.842072
08-02-2016,585,585.900024,571.674988,574.549988,211512,478.087128
09-02-2016,565,565,547,554.650024,302548,461.528137
10-02-2016,554,563.5,552.775024,555.075012,238626,461.881744
11-02-2016,557,557,536.174988,540.575012,244902,449.816284
12-02-2016,543,551.75,533.5,541.75,325762,450.793915
15-02-2016,545,549.974976,543.400024,545.674988,3022024,454.059998
16-02-2016,545,546,537.575012,540.5,581704,449.753754
17-02-2016,541,550.700012,538.5,547.724976,776758,455.765717
18-02-2016,548.5,563.224976,548.5,561.349976,181520,467.103241
19-02-2016,561.450012,566.625,557.325012,562,149802,467.644104
22-02-2016,566.5,566.5,557.150024,562.650024,214020,468.184967
23-02-2016,566.5,566.5,558.525024,561.974976,159470,467.623291
24-02-2016,561.5,571.974976,559.5,562.700012,410578,468.226593
25-02-2016,562.5,565.200012,551,555.625,579744,462.339447
26-02-2016,556.5,565.375,556.5,560.525024,321374,466.416809
29-02-2016,565,565,534.674988,541.875,431018,450.89798
01-03-2016,549,565.5,544.5,562.25,252388,467.852203
02-03-2016,566,581,562.5,578.125,397982,481.06189
03-03-2016,584.5,596.450012,577.575012,584.575012,394196,486.429047
04-03-2016,585,592.200012,580,585.275024,251948,487.011444
08-03-2016,585,595,574,581.775024,253412,484.099121
09-03-2016,573.5,591.900024,572,589.25,239256,490.319122
10-03-2016,582,582.049988,571.474976,572.974976,3155956,476.776459
11-03-2016,573,578.049988,569.5,571.25,158366,475.341095
14-03-2016,575,577.25,569,570.474976,149740,474.696228
15-03-2016,573,576.950012,564.5,567.174988,151886,471.950287
16-03-2016,569.974976,577.450012,566.025024,576,139678,479.293701
17-03-2016,578,584.950012,577,580.099976,134226,482.705292
18-03-2016,580.5,597.900024,580.5,595.099976,296614,495.186798
21-03-2016,593.5,599.5,590.099976,597.5,240222,497.18396
22-03-2016,597,597,586.150024,594.950012,213742,495.062073
23-03-2016,594.5,606,590.974976,603.875,319952,502.488556
28-03-2016,614.974976,617.325012,598.099976,602.349976,324504,501.219604
29-03-2016,600,608.75,595.799988,599.474976,229150,498.827301
30-03-2016,600,604.5,598,602.900024,157122,501.677338
31-03-2016,605,614.474976,600.299988,608.974976,227746,506.732361
01-04-2016,606,610.900024,598.5,602.950012,246596,501.718964
04-04-2016,606,624.950012,606,621.775024,238336,517.383362
05-04-2016,621.5,621.5,607.5,609.299988,493268,507.002808
06-04-2016,612.25,614,598.5,600.549988,206588,499.721924
07-04-2016,606,607.424988,582,590.825012,11664050,491.629639
08-04-2016,587.5,589,581.025024,583.674988,184382,485.679993
11-04-2016,583.5,593.625,575.700012,592.200012,295464,492.773743
12-04-2016,592.5,597.474976,589.299988,591.150024,340054,491.900055
13-04-2016,597,597.5,583.25,586.025024,1603664,487.635498
18-04-2016,622.775024,633.950012,616.724976,619.400024,1507724,515.407043
20-04-2016,622.5,624.974976,612.75,621.625,303850,517.258484
21-04-2016,625,625,609.5,613.200012,302828,510.248077
22-04-2016,610.5,614.5,605,606.924988,192608,505.026489
25-04-2016,607,612.224976,600.525024,608.525024,258466,506.35791
26-04-2016,607.5,619.5,604.5,616.474976,241440,512.973267
27-04-2016,614.950012,621,614.099976,620,138848,515.906372
28-04-2016,616.5,619.950012,605.025024,605.724976,1035318,504.027985
29-04-2016,606,612.200012,603,605.424988,187986,503.77832
02-05-2016,607,607,598.150024,600.325012,232966,499.534576
03-05-2016,600,606.025024,587.150024,590.375,277110,491.255219
04-05-2016,595.5,596.25,585.775024,594.775024,216096,494.916443
05-05-2016,595.5,599.5,590.924988,596.224976,1063040,496.122955
06-05-2016,596,596,588.349976,590.724976,147082,491.546387
09-05-2016,595,600.25,590.775024,599.575012,152538,498.910522
10-05-2016,600,608,598.200012,606.275024,148546,504.485779
11-05-2016,602.5,607.474976,596.5,600.525024,218318,499.701141
12-05-2016,604.474976,606.25,598.900024,605.099976,231536,503.507874
13-05-2016,603.5,604.5,596.325012,603.349976,165776,502.051727
16-05-2016,605,610.875,604,606.974976,161808,505.068115
17-05-2016,609,612.5,605,607.025024,123780,505.109711
18-05-2016,601.75,606.974976,599,604.875,132034,503.32074
19-05-2016,604.5,607.924988,600.549988,602.674988,83674,501.490051
20-05-2016,602,609.75,600.025024,600.875,98848,499.992249
23-05-2016,600.75,602.200012,592.775024,595.375,214492,495.41571
24-05-2016,595,597,589.25,594.099976,169494,494.354828
25-05-2016,598,606.424988,598,604.424988,108922,502.946198
26-05-2016,604,618.450012,604,615.825012,225748,512.432373
27-05-2016,615,628.424988,615,623.200012,339298,518.569153
30-05-2016,623.5,635,622.049988,631.724976,264358,525.66272
31-05-2016,634,634,619.5,624.924988,145928,520.004456
01-06-2016,620.5,633.75,620.5,628.224976,175354,522.750366
02-06-2016,626.5,637,626.5,630.125,211590,524.331421
03-06-2016,632,639,631.724976,633.224976,127028,526.910889
06-06-2016,635,638.625,630.025024,633.549988,98384,527.181396
07-06-2016,633.5,636,627.674988,628.599976,590880,523.0625
08-06-2016,630,632.474976,618,619.150024,404526,515.199097
09-06-2016,614.450012,614.450012,590.549988,592.724976,991190,504.829376
10-06-2016,587.75,595,585.450012,590.400024,495652,502.849274
13-06-2016,588,592.900024,583.125,591.275024,243026,503.594574
14-06-2016,591.549988,592.450012,583.875,587.599976,198806,500.464508
15-06-2016,590,595.575012,589.5,594.599976,253784,506.426392
16-06-2016,596.849976,596.849976,585.25,593.099976,322474,505.148834
17-06-2016,595,595.700012,587.549988,589.150024,206910,501.784668
20-06-2016,589.099976,605.950012,588.950012,604.299988,288708,514.687988
21-06-2016,604.5,607.5,598.25,602.950012,240704,513.538269
22-06-2016,598.625,605.849976,595,599.275024,153030,510.408173
23-06-2016,599.950012,607.325012,596.724976,605.775024,319910,515.944275
24-06-2016,599.5,599.5,579.5,597.25,454154,508.683502
27-06-2016,588,589.900024,580,583.125,385484,496.653107
28-06-2016,583.125,586.5,578,580.525024,375296,494.43866
29-06-2016,582.5,589.674988,580.625,588.275024,239578,501.039368
30-06-2016,596.349976,596.349976,584.049988,585.375,290160,498.569458
01-07-2016,590,590.275024,585,586.049988,194674,499.144348
04-07-2016,588,597.400024,588,592.125,318490,504.318481
05-07-2016,592.5,592.75,585.775024,587.724976,146396,500.570984
07-07-2016,587.724976,587.724976,577.5,578.599976,335394,492.799072
08-07-2016,588.599976,588.599976,576.599976,579.375,2611198,493.459167
11-07-2016,582.5,589,580.25,587.424988,253976,500.315399
12-07-2016,587,590,584,588,186554,500.805145
13-07-2016,590,597.5,587.549988,596.575012,264418,508.108521
14-07-2016,597.5,597.525024,582.599976,587.924988,487688,500.741272
15-07-2016,593.174988,597.5,529.150024,536.125,5421766,456.622711
18-07-2016,537.5,542.224976,528,540.849976,1899600,460.647064
19-07-2016,543.25,544.5,537.5,543.150024,1387444,462.606018
20-07-2016,535.5,544.75,535,541.525024,520922,461.222046
21-07-2016,540,543.5,537.75,540.174988,1933532,460.072174
22-07-2016,537.5,538.724976,533.5,536.325012,459496,456.793091
25-07-2016,532.5,541.5,532.5,540.25,446068,460.136047
26-07-2016,540,544.900024,537,544.400024,476364,463.670685
27-07-2016,544.349976,548.549988,540,543.775024,750834,463.138306
28-07-2016,543.775024,543.775024,538.025024,539.599976,662050,459.582428
29-07-2016,539,539,533.5,536.974976,480618,457.346649
01-08-2016,537,543.75,534.5,542.5,583158,462.052368
02-08-2016,544.950012,544.950012,538.025024,542.150024,392734,461.754272
03-08-2016,542.5,543.625,536,542.5,321388,462.052368
04-08-2016,545,545,535,536.075012,416868,456.58017
05-08-2016,532.5,537,525.5,533.700012,469326,454.557281
08-08-2016,534,541.299988,530.825012,539.400024,2079522,459.412079
09-08-2016,539.5,542.125,535.775024,540.75,273016,460.56192
10-08-2016,539.950012,543.025024,537.525024,539.974976,254408,459.901825
11-08-2016,540.950012,547,537.900024,538.549988,419126,458.68808
12-08-2016,537.5,539.424988,530,531.650024,464624,452.811371
16-08-2016,521,529,513.799988,525.474976,662214,447.552063
17-08-2016,523,525.950012,515.25,516.700012,407524,440.078308
18-08-2016,517.5,522.400024,511.475006,512.150024,459584,436.203064
19-08-2016,513.25,519.450012,509.5,510.549988,373432,434.84024
22-08-2016,510.549988,515,504.600006,507.700012,421304,432.412933
23-08-2016,508.225006,520.5,508.225006,519.625,466584,442.569519
24-08-2016,522.5,530.974976,522.5,528.775024,364418,450.362701
25-08-2016,529,529,516.150024,518.275024,239380,441.419739
26-08-2016,518.5,523,508.549988,510.375,362042,434.691223
29-08-2016,510,514,505.899994,511.125,401536,435.329987
30-08-2016,518.5,527.549988,512.400024,520.5,377018,443.314758
31-08-2016,520.75,523,515.299988,518.400024,427828,441.526215
01-09-2016,518,519.950012,516.125,518.825012,207814,441.888184
02-09-2016,518.5,519.5,513.400024,515.525024,2088956,439.077545
06-09-2016,520,524.450012,517.5,522.549988,572150,445.060791
07-09-2016,522.5,529.25,521.75,527.5,524404,449.276733
08-09-2016,524,525,512.5,518.950012,1112786,441.994598
09-09-2016,519,520.375,513.825012,518,463250,441.185516
12-09-2016,514,528.599976,513,527,601474,448.850861
14-09-2016,527.5,528.650024,521.5,523.549988,785042,445.912445
15-09-2016,524,527.400024,518.025024,520.674988,299198,443.463806
16-09-2016,525.5,532.075012,519,530.174988,412928,451.555023
19-09-2016,525,534.325012,521.5,530.575012,1291244,451.895752
20-09-2016,527,528.625,523.25,525.174988,175638,447.296509
21-09-2016,525.5,530.125,525.5,528.349976,187360,450.000732
22-09-2016,528,530.325012,525.799988,529.25,140296,450.767212
23-09-2016,529.5,529.924988,520,521.5,180462,444.166504
26-09-2016,520.5,521.5,515.700012,517.849976,1480496,441.057709
27-09-2016,517.849976,524.775024,517.5,520.224976,359418,443.080536
28-09-2016,520,520.900024,517,519.299988,359716,442.292755
29-09-2016,520.5,522,512,514.950012,692438,438.587799
30-09-2016,515.5,521.924988,515.5,519.049988,442260,442.079742
03-10-2016,519.049988,520.400024,513.25,518.924988,183024,441.973328
04-10-2016,520,525.549988,519,524.400024,219896,446.636444
05-10-2016,524.349976,524.75,518.5,520.575012,127792,443.378693
06-10-2016,520.5,520.575012,512.5,513.325012,223030,437.203796
07-10-2016,515,516.375,505.024994,506.325012,775506,431.241791
10-10-2016,507.274994,516,505,514.775024,415070,438.438751
13-10-2016,514.724976,528.75,512.275024,526.025024,701788,448.020538
14-10-2016,530,540.349976,498.075012,513.700012,3713156,437.523163
17-10-2016,518,520.875,508.950012,511.024994,467654,435.244812
18-10-2016,515,519.950012,513.700012,519.099976,279934,442.122314
19-10-2016,521,522.525024,517.5,520.799988,252370,443.570282
20-10-2016,520.549988,524.974976,517.5,518.474976,213322,441.590027
21-10-2016,517.5,520.5,512.525024,519.049988,140864,451.662262
24-10-2016,520,521,513.5,514.5,151990,447.703033
25-10-2016,514.950012,517.950012,507.75,508.674988,225310,442.634277
26-10-2016,510,510.299988,505.049988,507.424988,285510,441.54657
27-10-2016,507.950012,509.899994,502.174988,503.075012,243686,437.761322
28-10-2016,503.5,504.899994,497,498.725006,473538,433.976135
01-11-2016,504.924988,504.924988,493,494.424988,460658,430.234314
02-11-2016,494,494,490,490.549988,282598,426.862427
03-11-2016,492.25,492.25,482.549988,483.450012,418810,420.684204
04-11-2016,483.450012,489.424988,481,485.399994,406896,422.381042
07-11-2016,491.125,495,487.799988,489.375,213416,425.839996
08-11-2016,493.024994,495,485.475006,491.399994,294210,427.602081
09-11-2016,470,486.850006,450.149994,477.924988,816640,415.876556
10-11-2016,480.524994,482.600006,467.5,469.299988,542896,408.371307
11-11-2016,470,471,459.5,460.924988,431212,401.083588
15-11-2016,461,469,454.774994,462.375,489250,402.345337
16-11-2016,463.049988,478.350006,463.049988,470.049988,364868,409.023926
17-11-2016,467.399994,474.5,463.125,464.774994,271942,404.433777
18-11-2016,464.899994,466.450012,459,459.899994,208634,400.191681
21-11-2016,465.450012,465.450012,453.375,455.575012,264722,396.428223
22-11-2016,460.875,464,456,456.975006,206896,397.646454
23-11-2016,462,462,456.600006,460.25,342490,400.496246
24-11-2016,461.649994,470,461.450012,466.350006,701266,405.804291
25-11-2016,465.149994,492.450012,465.149994,488.649994,793304,425.209106
28-11-2016,497.399994,497.399994,485.325012,489.825012,751482,426.231567
29-11-2016,491.5,491.725006,483.700012,486.325012,219656,423.186035
30-11-2016,485,488.75,481,487.725006,283270,424.404205
01-12-2016,488,492,484.725006,488.024994,199366,424.665253
02-12-2016,484.5,484.950012,480.5,482.049988,179072,419.465942
05-12-2016,482.5,484.100006,478.950012,480.700012,171756,418.29126
06-12-2016,483.25,489.350006,481.350006,483.475006,224978,420.705994
07-12-2016,483.600006,486.299988,480.450012,483.299988,246150,420.55365
08-12-2016,483.299988,493.899994,483.299988,492.375,171652,428.45047
09-12-2016,493.25,503.524994,491.5,493.674988,380888,429.581757
12-12-2016,490.5,490.75,482.725006,488.75,367306,425.296173
13-12-2016,488.5,495.924988,486.75,495.024994,235684,430.756439
14-12-2016,495.774994,502,492,499.524994,662176,434.672241
15-12-2016,498.950012,509.450012,495,496.625,518290,432.148743
16-12-2016,499.600006,504.5,499,502.100006,225466,436.912872
19-12-2016,502.5,503.024994,497.100006,501.100006,160082,436.042725
20-12-2016,499,509.475006,499,505.200012,258020,439.610443
21-12-2016,507.5,510.475006,500.524994,501.850006,235178,436.695374
22-12-2016,501.450012,503.450012,485.100006,492.600006,697086,428.646271
23-12-2016,490.674988,503.299988,487.5,494.649994,309358,430.430115
26-12-2016,494.5,496.924988,488,491.5,215496,427.689117
27-12-2016,491.549988,501.450012,491.125,499.625,265036,434.759216
28-12-2016,499.75,504.875,497.600006,499.575012,904866,434.715729
29-12-2016,500,503.725006,493.200012,497.049988,330410,432.518555
30-12-2016,497.625,506,496.5,505.350006,435362,439.740997
02-01-2017,506,506.549988,500,500.799988,149166,435.781677
03-01-2017,501.174988,502.950012,490.399994,497.325012,836682,432.757904
04-01-2017,497.299988,501.649994,496.850006,499.149994,285694,434.345917
05-01-2017,499.5,504.5,494.549988,498.200012,1041350,433.519257
06-01-2017,496.5,499.475006,484.225006,485.725006,1775486,422.663818
09-01-2017,487,488.424988,482.5,485.274994,514348,422.272278
10-01-2017,488.125,490.475006,484,485.299988,915238,422.294006
11-01-2017,489,489,482,484.5,386514,421.59787
12-01-2017,486.125,502.200012,486.125,500.024994,523522,435.10733
13-01-2017,513.174988,522.5,482,487.575012,2533116,424.273682
16-01-2017,482.5,482.75,476.25,477.850006,549810,415.811279
17-01-2017,479.899994,482.375,477,478.024994,422168,415.963531
18-01-2017,479,480.5,475,475.450012,322052,413.72287
19-01-2017,475.5,480.149994,474.799988,479.274994,569266,417.05127
20-01-2017,476.5,477.5,473,474.399994,442096,412.809174
23-01-2017,473.5,478.75,469.75,475.875,354426,414.092682
24-01-2017,476.424988,476.5,470.075012,472.549988,251256,411.199341
25-01-2017,474.375,475,467.5,468.325012,445980,407.522888
27-01-2017,467.5,474,463.200012,471.075012,638822,409.915863
30-01-2017,469.350006,475.950012,464.825012,474.174988,984710,412.613403
31-01-2017,471.950012,473.5,452.5,464.649994,1741710,404.324982
01-02-2017,460.950012,461.600006,453,458.274994,668214,398.777679
02-02-2017,458,472.600006,455.5,467.674988,914706,406.957245
03-02-2017,467,470.350006,460.75,467.475006,676650,406.783234
06-02-2017,469.5,470.825012,465.5,467.225006,413250,406.565704
07-02-2017,467.450012,474.700012,464.524994,472.375,508904,411.047089
08-02-2017,470,471.975006,466.174988,468.225006,378678,407.435883
09-02-2017,468,474.950012,468,474.049988,661350,412.504608
10-02-2017,472.5,485.899994,472,484.024994,2370062,421.18457
13-02-2017,487.5,492.5,481.549988,491.75,946460,427.906616
14-02-2017,491.274994,494.25,486.350006,493.649994,1006810,429.559998
15-02-2017,491.075012,499,484.950012,491.174988,589518,427.406311
16-02-2017,496,507.399994,495,505.950012,748136,440.263092
17-02-2017,505.950012,506.024994,496.700012,499.850006,315124,434.955048
20-02-2017,499.450012,514.049988,496.75,505.850006,268084,440.176056
21-02-2017,510,512.400024,500.049988,506.475006,527326,440.719879
22-02-2017,506.350006,507.5,494.125,495.924988,328246,431.539581
23-02-2017,495.5,509.950012,495.5,504.524994,402946,439.023071
27-02-2017,502.75,511.225006,502.75,506.375,307630,440.632904
28-02-2017,505.5,510.924988,504.5,506.149994,161744,440.437073
01-03-2017,507.299988,513.099976,505.899994,512.5,305380,445.962677
02-03-2017,512.5,513.950012,508.049988,510.325012,192436,444.070068
03-03-2017,505.049988,517.125,500.25,515.575012,372816,448.638428
06-03-2017,509.899994,517.950012,509,516.924988,310080,449.813171
07-03-2017,512,512.75,507.5,509.850006,238932,443.656738
08-03-2017,510,510,502.125,503.625,225212,438.239929
09-03-2017,503.625,506.5,499.5,505.799988,184560,440.132568
10-03-2017,505.850006,513.75,505.850006,510.049988,339350,443.830719
14-03-2017,516.25,520.875,511.825012,517.5,338488,450.313538
15-03-2017,517.5,517.5,504,506.049988,223702,440.350128
16-03-2017,506,516,506,514.25,206790,447.485504
17-03-2017,517.5,521.25,510.225006,520,222074,452.488953
20-03-2017,514.5,514.5,507.950012,510.299988,274124,444.048279
21-03-2017,510.5,517.400024,509.450012,516,202336,449.008301
22-03-2017,510,519.5,510,513.900024,232136,447.180939
23-03-2017,514,521.275024,513.275024,520.299988,214376,452.750031
24-03-2017,520.200012,521.974976,513,515.900024,277458,448.921295
27-03-2017,516.5,520.974976,512.150024,514.400024,501334,447.616058
28-03-2017,513.125,519.375,513.125,517.549988,142376,450.357056
29-03-2017,517.5,520.25,512.924988,515.674988,683436,448.725433
30-03-2017,517.099976,517.924988,510.049988,512.25,278044,445.745117
31-03-2017,513,514.400024,504.899994,510.399994,633410,444.135345
03-04-2017,513.549988,515.25,503.274994,504.725006,314934,439.197113
05-04-2017,502.5,503,495.5,497.700012,350290,433.084167
06-04-2017,497.549988,502.899994,496,499.575012,179094,434.715729
07-04-2017,500,500,489.5,490.625,429724,426.927673
10-04-2017,491,495.5,475,476.475006,663532,414.614807
11-04-2017,477.5,485.600006,477.5,483.575012,315436,420.792999
12-04-2017,486,488.024994,480.524994,484.399994,424198,421.510895
13-04-2017,487,495.475006,463.5,465.700012,3105136,405.238708
17-04-2017,466,466.174988,460.950012,462.399994,560292,402.367096
18-04-2017,462.5,467,459.774994,461.200012,541460,401.322906
19-04-2017,464.899994,464.899994,456,459.399994,617536,399.756592
20-04-2017,460,464.899994,459.524994,463.825012,374244,403.607147
21-04-2017,467.100006,467.100006,460.649994,461.850006,276078,401.888519
24-04-2017,459.399994,464,456.5,463.024994,394564,402.91095
25-04-2017,464.899994,466.5,460.25,464.5,323832,404.194458
26-04-2017,466.5,467.350006,455.200012,457.024994,531640,397.689911
27-04-2017,460,463.225006,458,461.975006,253232,401.997345
28-04-2017,462.524994,463.25,458.450012,459.700012,207394,400.0177
02-05-2017,462.399994,462.875,457.825012,460.5,155490,400.713776
03-05-2017,462.149994,469.399994,459.100006,467.825012,448300,407.087799
04-05-2017,467.5,469.600006,464.575012,468.149994,212092,407.370605
05-05-2017,468,468.200012,460.625,465.75,215106,405.282166
08-05-2017,468,474.225006,466.375,472.725006,307532,411.351624
09-05-2017,474.950012,475.5,471.125,473.350006,402626,411.895477
10-05-2017,473.5,474.850006,468.600006,471.600006,159882,410.37265
11-05-2017,472.5,474.350006,468.875,471.924988,129714,410.655457
12-05-2017,475,482.850006,475,481.950012,1678658,419.378967
15-05-2017,482.5,482.850006,474.625,475.975006,300740,414.179688
16-05-2017,476,480.075012,474,478.25,253142,416.159332
17-05-2017,477.5,479.149994,472.100006,476.100006,2786304,414.288483
18-05-2017,474.5,486.924988,472,480.850006,1325246,418.421783
19-05-2017,478,481.375,473.899994,478.950012,246164,416.768463
22-05-2017,478.899994,483.25,478.274994,479.875,484346,417.573364
23-05-2017,481.5,483.375,476.924988,478.700012,1426220,416.550903
24-05-2017,478.575012,482.649994,475.200012,476.774994,284144,414.875793
25-05-2017,479.950012,492.450012,479.950012,490.950012,415768,427.21051
26-05-2017,490,500,490,498.100006,368118,433.43222
29-05-2017,496.350006,498.424988,488,492.649994,705104,428.689758
30-05-2017,492.649994,500,489.924988,498.225006,183094,433.540985
31-05-2017,495.575012,496.075012,487.549988,488.475006,206230,425.056854
01-06-2017,484.5,489.774994,479.674988,485.475006,206224,435.599701
02-06-2017,485.475006,487.549988,482.5,484.725006,613410,434.926758
05-06-2017,484.5,484.875,479.125,480.100006,440632,430.776917
06-06-2017,482.5,493.424988,482.5,489.725006,1335798,439.413055
07-06-2017,491.024994,494.350006,472.75,480.75,916686,431.360138
08-06-2017,480.549988,482.350006,474.5,478.149994,1218732,429.027191
09-06-2017,470,476,461.524994,474.325012,2058384,425.595245
12-06-2017,471.5,483.350006,470,481.899994,434912,432.391968
13-06-2017,479.850006,481.5,476.174988,479.100006,203746,429.879639
14-06-2017,478.5,480.975006,475.75,479.325012,351384,430.081512
15-06-2017,477.5,483.5,475,476.149994,401220,427.232727
16-06-2017,475.950012,476.450012,468,470.25,326912,421.938812
19-06-2017,469.299988,470.225006,464,464.725006,254052,416.981445
20-06-2017,467.5,473.5,467.075012,471.899994,296578,423.419312
21-06-2017,471.75,474.5,468.25,471.975006,185100,423.486603
22-06-2017,472.5,484.149994,467.924988,470.149994,553904,421.84906
23-06-2017,470,474.399994,469.274994,471.674988,198992,423.217407
27-06-2017,472.024994,473.475006,462,463.174988,337402,415.590698
28-06-2017,465.149994,466.274994,460.600006,462.200012,859404,414.71582
29-06-2017,463.5,473.649994,462.649994,464.75,369932,417.003876
30-06-2017,463.674988,468.950012,463.5,467.825012,159304,419.76297
03-07-2017,467.5,477,467.5,475.700012,240350,426.828949
04-07-2017,477.5,483.899994,474.850006,480.25,226438,430.911438
05-07-2017,477.799988,479.200012,473.325012,475.524994,190342,426.671906
06-07-2017,473,478.5,472.149994,473.75,190270,425.079224
07-07-2017,472.5,473.5,467.200012,468,339844,419.919983
10-07-2017,472.5,480.225006,470,479.524994,2215488,430.260956
11-07-2017,477.5,494.450012,477.5,487.899994,546874,437.775574
12-07-2017,488,490.274994,484.774994,486.899994,278426,436.878296
13-07-2017,486.975006,491.674988,482.5,488.149994,648690,437.999878
14-07-2017,500,503.325012,484,486.024994,1370874,436.09317
17-07-2017,486.625,495.600006,486.625,492.674988,340670,442.059967
18-07-2017,492.450012,502.149994,490.75,492.700012,451232,442.082428
19-07-2017,494.5,494.700012,485,489.950012,325980,439.61496
20-07-2017,490,490,483.524994,484.5,264220,434.724823
21-07-2017,485.5,491.25,485.5,489.950012,240060,439.61496
24-07-2017,490.549988,496.875,490.549988,495.600006,973724,444.684509
25-07-2017,495.5,499.5,493.125,497.075012,256324,446.007996
26-07-2017,498,499.5,495.549988,496.875,2400194,445.828491
27-07-2017,497,501.875,484,486.149994,411638,436.205322
28-07-2017,490,501,481.5,498.924988,895404,447.667908
31-07-2017,498.924988,510.5,493.674988,505.649994,624104,453.701996
01-08-2017,503.5,508.475006,499.225006,502.5,160286,450.875641
02-08-2017,502.5,506,494.100006,496.225006,185074,445.24527
03-08-2017,496.225006,499.399994,490.5,491.799988,153692,441.274872
04-08-2017,492.600006,494.299988,488.649994,492.674988,139790,442.059967
07-08-2017,491,491.825012,483,484.075012,209958,434.343536
08-08-2017,485,485.524994,477.774994,482.299988,209132,432.750885
09-08-2017,483.125,486.799988,482.274994,484.725006,169138,434.926758
10-08-2017,485.950012,494,485,491.25,520170,440.781403
11-08-2017,488.5,497.799988,484.774994,493.875,308390,443.136749
14-08-2017,492.575012,493.875,488.149994,489.725006,155610,439.413055
16-08-2017,492,493.049988,485,488.399994,180476,438.224182
17-08-2017,505,514.450012,499,510.575012,1064390,458.121063
18-08-2017,510.75,510.75,442.200012,461.549988,16314852,414.132599
21-08-2017,464.5,464.5,435,436.75,8953398,391.880493
22-08-2017,446.25,448.5,430.75,438.575012,3935926,393.518005
23-08-2017,440.549988,452,437.274994,447.25,4242936,401.301758
24-08-2017,453.5,459.399994,451.174988,456.25,2608354,409.377136
28-08-2017,473.5,476.75,468.950012,470.575012,2843418,422.230469
29-08-2017,471.700012,471.700012,463,463.774994,1207644,416.129028
30-08-2017,467.549988,469.774994,462,463.325012,808332,415.725281
31-08-2017,464,466.350006,456.350006,457.649994,1989498,410.633301
01-09-2017,457.600006,463.100006,455.125,460.049988,596990,412.786713
04-09-2017,460.625,460.875,446.799988,450.649994,1174168,404.352478
05-09-2017,451.674988,452.25,448.625,450.549988,694832,404.262726
06-09-2017,449.5,450,445.125,447.850006,878668,401.840118
07-09-2017,449,450.424988,446.274994,447.774994,560664,401.772797
08-09-2017,448.049988,449,441.125,442.200012,918058,396.770538
11-09-2017,445,446.100006,437,439.274994,688154,394.146057
12-09-2017,440.5,443.774994,439.524994,441.924988,533994,396.523834
13-09-2017,442.5,443.875,440.5,441.774994,817926,396.389191
14-09-2017,443.200012,448.149994,440.799988,446.149994,543606,400.314728
15-09-2017,447.5,456.125,446.5,454.299988,1018120,407.627441
18-09-2017,455,458.975006,453.25,454.225006,554976,407.560181
19-09-2017,455.049988,457.700012,451.825012,455.649994,349404,408.838745
20-09-2017,457.649994,458,453.774994,456,244496,409.152802
21-09-2017,456.25,457.625,454.225006,454.774994,279182,408.05368
22-09-2017,454.100006,454.950012,444.200012,449.024994,408774,402.894409
25-09-2017,450.5,451.075012,445,448.325012,311188,402.266327
26-09-2017,448,454.024994,447.25,453.225006,1044498,406.662903
27-09-2017,452.5,453.975006,447.549988,449.325012,270988,403.163574
28-09-2017,449,451.975006,446.524994,447.850006,222804,401.840118
29-09-2017,450,451.125,447.549988,449.375,483982,403.208435
03-10-2017,454,455.825012,451,451.975006,212234,405.54129
04-10-2017,451.975006,452.475006,448.725006,449.899994,199136,403.679504
05-10-2017,449.5,452.600006,449.350006,451.549988,236624,405.159943
06-10-2017,453.299988,460.299988,451.524994,459.725006,406128,412.495117
09-10-2017,461,464.299988,457.149994,461.825012,240892,414.379395
10-10-2017,470,472.924988,464.549988,467.799988,521040,419.74054
11-10-2017,468,468.850006,464.075012,465.299988,343744,417.497375
12-10-2017,465,467.325012,460,463.575012,671688,415.949646
13-10-2017,465.024994,467,463.799988,465.950012,2456158,418.080597
16-10-2017,467.5,471,466.75,469.649994,440212,421.400452
17-10-2017,467.5,468.700012,465.125,465.725006,384966,417.878723
18-10-2017,464.5,465,461.625,462.225006,371582,414.738251
19-10-2017,465,466.674988,462.924988,463.549988,201534,415.927185
23-10-2017,464.100006,471.399994,464.100006,469.825012,526916,421.557465
24-10-2017,472.5,473.75,462,463.375,891450,415.770172
25-10-2017,460,472.075012,457.625,467.700012,832100,419.650818
26-10-2017,470.075012,475.174988,470.075012,473.75,1054584,425.079224
27-10-2017,477.5,478.524994,472.5,473.725006,798798,425.056824
30-10-2017,477,477.5,470.5,472.325012,1028592,423.800659
31-10-2017,461.700012,465.174988,460,460.825012,424808,425.184631
01-11-2017,462,464.475006,461,463.125,235336,427.306763
02-11-2017,462,463.274994,459.899994,461.450012,216208,425.761292
03-11-2017,461.350006,464.700012,459,463.325012,149680,427.491272
06-11-2017,462.5,467.424988,461.174988,464.299988,244478,428.390869
07-11-2017,464.25,479.899994,463.5,477.850006,831458,440.892914
08-11-2017,479.125,480.75,473.649994,475.975006,317116,439.162964
09-11-2017,479.25,481,474.575012,477.299988,289006,440.385468
10-11-2017,477.299988,481.375,475.100006,480.299988,194860,443.153442
13-11-2017,480.299988,484.450012,474.549988,475.899994,2551688,439.093719
14-11-2017,475,477.200012,472,474.725006,149232,438.009583
15-11-2017,473.5,476.725006,472.5,475.975006,168822,439.162964
16-11-2017,475.575012,497.725006,474.424988,494.299988,1291582,456.070709
17-11-2017,494.899994,494.899994,481.5,485.475006,594360,447.928192
20-11-2017,484.850006,485,478.674988,480.674988,291142,443.49942
21-11-2017,480.674988,485.774994,479.825012,483.200012,203988,445.829163
22-11-2017,482.5,485.424988,481.25,483.149994,163740,445.78302
23-11-2017,485,497.174988,484.924988,495.700012,623972,457.362396
24-11-2017,494.549988,509.600006,494.549988,504.975006,982538,465.920074
27-11-2017,500,502.5,497,498.75,344912,460.176514
28-11-2017,498.450012,500.075012,490.75,492.25,306144,454.17923
29-11-2017,494.5,496,490.75,491.649994,127168,453.62558
30-11-2017,494.5,494.899994,483.674988,487.475006,256982,449.773529
01-12-2017,488.75,491.5,478.225006,479.25,287040,442.184631
04-12-2017,491.5,498.475006,484.825012,492.649994,810002,454.548248
05-12-2017,493,501.299988,489.649994,492.200012,618270,454.133057
06-12-2017,499.5,499.5,492,495,282000,456.716522
07-12-2017,493.75,501.075012,491.200012,500.049988,438474,461.375977
08-12-2017,500.049988,503.424988,498.024994,500.774994,390584,462.044922
11-12-2017,498.5,502.5,497.5,501.75,188114,462.944489
12-12-2017,501.5,507,500,505.549988,322322,466.450562
13-12-2017,506,509,499.5,501.725006,282548,462.921387
14-12-2017,502.625,508,500.024994,506.225006,247814,467.073395
15-12-2017,507.5,513,505.5,511.725006,376676,472.14801
18-12-2017,507.5,514.924988,502.799988,507.674988,332942,468.411224
19-12-2017,507.674988,508.75,500,502.399994,3479274,463.54422
20-12-2017,502.399994,507.5,500.975006,506.649994,216288,467.465485
21-12-2017,506.649994,514,499.024994,510.774994,604772,471.271484
22-12-2017,509.700012,522.099976,508.100006,519.200012,625894,479.044891
26-12-2017,514.900024,520,511.549988,517.174988,2049828,477.176483
27-12-2017,514.5,519.424988,512.549988,517.025024,402482,477.038116
28-12-2017,515.950012,519.950012,513.049988,517,337838,477.015045
29-12-2017,515,523.049988,515,519.650024,367766,479.460083
01-01-2018,520,521.825012,515.900024,517.275024,218678,477.268799
02-01-2018,518.599976,521.700012,511.475006,514.75,361240,474.939056
03-01-2018,517.5,517.5,509,509.549988,317868,470.141235
04-01-2018,511,511,504.799988,507.649994,639568,468.388153
05-01-2018,507.649994,513,503.125,506.049988,562278,466.911926
08-01-2018,507.5,519.400024,507.5,517.825012,307888,477.776276
09-01-2018,520,522.25,514.625,520.650024,524162,480.382751
10-01-2018,524.950012,527.775024,517.299988,525.799988,1408606,485.13443
11-01-2018,526.5,541.650024,526.5,537.799988,2630738,496.206329
12-01-2018,544.5,544.5,534.775024,539.200012,569642,497.498047
15-01-2018,539.25,546.025024,532.75,540.200012,445496,498.420776
16-01-2018,540,567.200012,540,561.450012,1370618,518.027283
17-01-2018,559,580,559,576.125,1629628,531.567261
18-01-2018,574.5,582.224976,566.174988,576.375,661634,531.797974
19-01-2018,574.450012,574.450012,568,571.625,358516,527.415405
22-01-2018,570.849976,577.5,565.049988,575.150024,590314,530.667725
23-01-2018,575.599976,593.5,575.599976,587.599976,2065536,542.154724
24-01-2018,588.900024,610,583.5,592.575012,1062012,546.745056
25-01-2018,592.200012,595.75,580.400024,585.400024,1045706,540.124939
29-01-2018,582.5,598.099976,582.5,590.75,438606,545.061218
30-01-2018,590.25,591.525024,580.900024,584.849976,1380754,539.617432
31-01-2018,580,583,571.525024,575.325012,364852,530.829163
01-02-2018,575,579,560,572.25,1344164,527.992065
02-02-2018,570,581.224976,565.025024,570.849976,923090,526.700195
05-02-2018,569,577.5,567.5,569.150024,525996,525.131775
06-02-2018,554.5,563.950012,549.349976,554.224976,437174,511.361023
07-02-2018,556.049988,562.5,551.950012,554.375,469586,511.499512
08-02-2018,560.150024,572.5,558.525024,567.275024,432672,523.401794
09-02-2018,562.450012,562.450012,553.599976,555.900024,271824,512.906494
12-02-2018,556,560,549.375,551.900024,725500,509.215912
14-02-2018,552,558.700012,545.849976,549.025024,384416,506.563232
15-02-2018,550.049988,564.849976,550.049988,557.075012,565998,513.990662
16-02-2018,560.5,570,558.025024,562.424988,1126770,518.926819
19-02-2018,562.599976,567.5,560,565,541164,521.302673
20-02-2018,566,573.950012,560.5,567.349976,245978,523.471008
21-02-2018,573,575.825012,570.200012,574.349976,290196,529.929504
22-02-2018,574.450012,582,570.049988,580.25,286646,535.373352
23-02-2018,582.5,583,573.599976,577.825012,243264,533.135742
26-02-2018,578.5,578.5,568.075012,570.525024,217834,526.400391
27-02-2018,571.049988,576.400024,562.924988,574.150024,694922,529.745056
28-02-2018,574.025024,594.599976,571.174988,587.125,801820,541.716553
01-03-2018,586.724976,586.724976,578.200012,580.125,180300,535.257996
05-03-2018,580,585.049988,572.025024,576.549988,1528590,531.959473
06-03-2018,583.625,583.625,564.924988,573.424988,234724,529.076111
07-03-2018,575.650024,580,569.099976,571.400024,303404,527.207703
08-03-2018,572,582.5,572,578.349976,415288,533.620239
09-03-2018,580.099976,583,578.25,581.700012,215634,536.711182
12-03-2018,585.150024,595.924988,585.150024,592.924988,747762,547.067932
13-03-2018,588.099976,597.75,587.5,590.275024,178396,544.622925
14-03-2018,589.5,594.5,584.724976,590.099976,129786,544.461487
15-03-2018,590,593.950012,586.125,591.075012,918832,545.361023
16-03-2018,592.400024,592.5,584.5,586.25,110724,540.909302
19-03-2018,582.349976,590,571.900024,573.575012,554528,529.214478
20-03-2018,573.575012,585,573.575012,581.049988,1385078,536.111389
21-03-2018,581.549988,588.299988,581.549988,584.299988,176810,539.110046
22-03-2018,583.450012,588.025024,576.799988,579.400024,502590,534.588989
23-03-2018,572.5,586.849976,570,583.724976,683020,538.579529
26-03-2018,583.5,583.5,571.950012,577.150024,392600,532.513
27-03-2018,572.5,585,572.5,576.400024,219940,531.821045
28-03-2018,576.5,576.5,564.5,567.200012,191466,523.332581
02-04-2018,567.75,574.474976,561,568.75,145624,524.762695
03-04-2018,568.400024,572.5,564.799988,570.025024,111372,525.939148
04-04-2018,570.25,572.5,560,562.275024,348580,518.788513
05-04-2018,567.025024,575.200012,564.974976,572.5,114620,528.222656
06-04-2018,570,572.849976,561.825012,564.650024,177714,520.979797
09-04-2018,564.950012,564.950012,553.400024,555.474976,334702,512.514343
10-04-2018,563.5,563.5,552.775024,557.075012,443396,513.990662
11-04-2018,559,565.875,558.849976,561.950012,680392,518.488586
12-04-2018,566.450012,586,564.150024,581.125,565760,536.180603
13-04-2018,587.25,592,575.099976,584.5,589618,539.294617
16-04-2018,549.650024,570,549.5,566.400024,1063122,522.594543
17-04-2018,565.974976,565.974976,557.674988,562.5,315068,518.996033
18-04-2018,562,567,556.849976,562.724976,316444,519.203613
19-04-2018,562,569.5,562,566.349976,239364,522.548218
20-04-2018,569.25,595.900024,567.450012,589.125,1124558,543.56189
23-04-2018,583,606.200012,577.5,591.674988,1037244,545.914612
24-04-2018,592.5,598,575,576.950012,342502,532.328491
25-04-2018,577,585.650024,572.599976,580.450012,486294,535.5578
26-04-2018,582.5,591,580,587.825012,297092,542.362427
27-04-2018,590,595.849976,587.5,592.575012,287442,546.745056
30-04-2018,594,603.974976,592.5,599.700012,257636,553.319031
02-05-2018,600,602,590.200012,598.900024,523678,552.580872
03-05-2018,599,602.325012,587.5,590.924988,177976,545.222656
04-05-2018,595,598,578.400024,586.450012,213926,541.09375
07-05-2018,588.549988,595.099976,588.400024,591.674988,184192,545.914612
08-05-2018,588.275024,590,581,582.674988,386254,537.610718
09-05-2018,585,588.224976,581.650024,585.625,248234,540.332581
10-05-2018,582.5,591.5,581.549988,583.775024,156608,538.625671
11-05-2018,585.25,594.5,583.174988,590.5,122988,544.830505
14-05-2018,587.5,597.349976,585.025024,594.799988,117522,548.797913
15-05-2018,594.650024,603.875,593.400024,596.275024,408838,550.158875
16-05-2018,596.275024,598.75,592.5,595.025024,219200,549.005615
17-05-2018,599.450012,599.450012,587.5,592.474976,138004,546.652832
18-05-2018,593,593.775024,586.525024,591.875,105462,546.099243
21-05-2018,590,594,585.150024,591.299988,167710,545.568665
22-05-2018,587.799988,598.974976,587.275024,596.775024,194038,550.620178
23-05-2018,598.400024,603.349976,590.450012,592.625,208928,546.791138
24-05-2018,596.224976,613.799988,596.224976,610.924988,509566,563.675781
25-05-2018,611.5,624,610.674988,614.400024,411422,566.882141
28-05-2018,614.150024,616.474976,603.049988,607.25,380406,560.285156
29-05-2018,610,612.775024,603.5,608.325012,117418,561.276978
30-05-2018,608.349976,614.5,603.5,607.049988,752216,560.100586
31-05-2018,608.5,620,605.224976,615.950012,210638,568.312256
01-06-2018,615.950012,622.575012,608.950012,610.125,265564,562.937744
04-06-2018,610,621.674988,606.375,619.799988,177580,571.864441
05-06-2018,612.549988,620.5,608.5,610.599976,91660,563.375977
06-06-2018,610.599976,620.299988,610.049988,617.799988,135156,570.019104
07-06-2018,619,628.5,618.5,625.400024,314002,577.031372
08-06-2018,624.950012,631.224976,622.575012,629.875,831570,581.160278
11-06-2018,629.875,635,628,631.525024,137442,582.682617
12-06-2018,632.5,635.424988,625.450012,629.200012,218432,580.537476
13-06-2018,632.5,642,630.5,638.049988,225814,588.702942
14-06-2018,629.5,629.5,617.025024,619.349976,299516,590.418884
15-06-2018,619.349976,645,618.5,640.224976,388532,610.318726
18-06-2018,642.5,645.25,631.150024,633.25,181664,603.669617
19-06-2018,633,633,618,622.025024,209950,592.968994
20-06-2018,622.5,626.224976,619.549988,621.674988,110252,592.635254
21-06-2018,625,627.900024,618.724976,623.174988,101388,594.065247
22-06-2018,622.75,627,620.900024,623.224976,78710,594.112854
25-06-2018,625,639.474976,625,636.150024,290806,606.434204
26-06-2018,634.950012,641.900024,630,638.924988,153978,609.079529
27-06-2018,640.575012,646.950012,632.150024,634.599976,201170,604.956482
28-06-2018,634.599976,649.099976,634.599976,644.424988,196668,614.322571
29-06-2018,647.599976,656.724976,642,653.375,237246,622.854553
02-07-2018,656.950012,670.900024,656.950012,667.224976,241902,636.057617
03-07-2018,670,679,666.650024,676.825012,274660,645.209229
04-07-2018,676.5,677.474976,669.849976,672.299988,131976,640.895508
05-07-2018,674.900024,675,634.424988,642.25,914538,612.249207
06-07-2018,640,650.674988,634.75,642.25,397914,612.249207
09-07-2018,646.275024,651.5,639.75,649.575012,296840,619.232117
10-07-2018,652.599976,657.75,647.5,651.25,273558,620.828796
11-07-2018,655,670.950012,646.5,660.174988,598286,629.336914
12-07-2018,662,663.349976,642.299988,647.299988,989930,617.063354
13-07-2018,655,665.674988,650.075012,654.549988,2211442,623.97467
16-07-2018,662.5,692.200012,644.174988,666.525024,1918862,635.39032
17-07-2018,666.349976,674.400024,656.75,663.700012,532454,632.697266
18-07-2018,670,671.599976,657.174988,661.200012,369338,630.314087
19-07-2018,661.200012,665.150024,655.424988,658.275024,232292,627.525757
20-07-2018,660.525024,683.525024,660.525024,674.174988,1632896,642.682922
23-07-2018,675.049988,684.025024,668.349976,677.875,260560,646.210083
24-07-2018,681,689.900024,678.25,688,226976,655.862122
25-07-2018,690,696.049988,683.049988,691.849976,385108,659.532349
26-07-2018,690,694.849976,684.5,687.599976,1789150,655.480774
27-07-2018,690,694.150024,685,687.275024,2532768,655.171082
30-07-2018,692.5,692.5,675,676.575012,3184204,644.970825
31-07-2018,675,685.025024,667.5,682.5,5726144,650.61908
01-08-2018,682.924988,684,675.5,676.875,2352322,645.256775
02-08-2018,677.549988,683.224976,675.549988,677.700012,139232,646.043274
03-08-2018,680,683.200012,678.200012,682.049988,3163640,650.190063
06-08-2018,682.5,687.900024,674.025024,680.400024,219604,648.617188
07-08-2018,683.5,688.775024,680.924988,684.700012,285450,652.716309
08-08-2018,684.049988,687.075012,677.150024,681.450012,127290,649.618164
09-08-2018,683.025024,694.900024,683.025024,690.150024,316758,657.911804
10-08-2018,691.150024,694.450012,686.775024,692.599976,122946,660.247192
13-08-2018,692.5,705.5,689.900024,704.724976,562436,671.805847
14-08-2018,705.174988,712,701.700012,704.375,242610,671.472229
16-08-2018,705.625,717.349976,705.625,712.650024,254296,679.360657
17-08-2018,716.424988,718.325012,711.724976,715.674988,181322,682.244324
20-08-2018,694.349976,704,686.775024,692.599976,1038672,660.247192
21-08-2018,693.049988,697,687.125,692.150024,501664,659.818298
23-08-2018,694.150024,701.325012,693.174988,699.599976,205488,666.920288
24-08-2018,696.275024,701.5,688,689.974976,1123256,657.744873
27-08-2018,691.674988,709.450012,691.674988,707.450012,271808,674.403564
28-08-2018,708,719.25,706.150024,712.174988,320148,678.907898
29-08-2018,717.5,717.849976,703,705.174988,437338,672.234863
30-08-2018,705.5,711.5,698.5,708.75,490422,675.642883
31-08-2018,711,726.5,711,720,4246466,686.367371
03-09-2018,729,733.5,715,716.724976,1256342,683.2453
04-09-2018,723.700012,748.349976,717,735.650024,832961,701.286377
05-09-2018,741.75,748.450012,726.349976,729.799988,625030,695.709534
06-09-2018,734.5,735,725,727.950012,246579,693.945923
07-09-2018,733.049988,737,724.75,733.150024,353724,698.903137
10-09-2018,737,746.5,729.650024,731.950012,312641,697.759216
11-09-2018,734.299988,744.150024,732.549988,734.25,465074,699.951721
12-09-2018,743,745.75,736.25,742.700012,285153,708.006958
14-09-2018,742.5,744,730.150024,735.200012,374118,700.857361
17-09-2018,736.400024,740,725.099976,726.549988,292264,692.611389
18-09-2018,732,732,716.799988,719.150024,202211,685.557129
19-09-2018,725,727.400024,714.950012,720.400024,151490,686.748718
21-09-2018,719,719,692,706.299988,773924,673.307373
24-09-2018,709,729.950012,705.5,717.299988,749018,683.793518
25-09-2018,720,735.799988,717.349976,726.5,359507,692.563721
26-09-2018,738,738,712.400024,717.799988,282597,684.270081
27-09-2018,719.5,730.650024,718.049988,724.150024,804565,690.323547
28-09-2018,720,734,715.799988,727.849976,506489,693.850647
01-10-2018,735.099976,754.950012,733.400024,744.450012,3761334,709.675354
03-10-2018,744.700012,751.950012,726.549988,727.849976,292087,693.850647
04-10-2018,728,729,702.900024,706.349976,403889,673.35498
05-10-2018,711,731.25,709,721.849976,399124,688.13092
08-10-2018,725.049988,728.5,710.349976,714.5,228274,681.124268
09-10-2018,716,726,703.099976,717.349976,437278,683.841187
10-10-2018,718.150024,720,695.400024,700.299988,1078764,667.587585
11-10-2018,689.900024,691.75,665.25,675,680373,643.46936
12-10-2018,677,690,662.599976,679.049988,422848,647.3302
15-10-2018,690,705.799988,681.650024,699.099976,443802,666.443604
16-10-2018,709,713.75,688.099976,696.400024,774209,663.869812
17-10-2018,707,721,701.25,704.5,1145997,671.591431
19-10-2018,689.799988,689.799988,678.5,682.599976,821154,650.714355
22-10-2018,691,705,674.099976,678.25,462086,646.567566
23-10-2018,679,681.650024,654.650024,657.849976,533828,627.120483
24-10-2018,663.049988,666.450012,647.900024,650.150024,1825795,619.780212
25-10-2018,643,655.75,636.049988,649.299988,373386,625.706726
26-10-2018,645.099976,649.849976,630,633.5,397563,610.480835
29-10-2018,633,650,631.700012,643.799988,478683,620.406555
30-10-2018,640,663,638,659.75,415852,635.776978
31-10-2018,665,693.150024,662.049988,686.25,582754,661.314087
01-11-2018,693.900024,693.900024,660.099976,666.349976,349193,642.137207
02-11-2018,668.099976,675.299988,660.5,662.049988,533579,637.993469
05-11-2018,663,666.900024,657.049988,662.75,372745,638.66803
06-11-2018,669,675.099976,662.099976,666.799988,785263,642.570801
07-11-2018,674.450012,678,671.75,676,84376,651.436523
09-11-2018,677.200012,679.450012,657.400024,661.450012,394045,637.415222
12-11-2018,666,676.400024,662.549988,664.450012,308091,640.306213
13-11-2018,666,667.700012,656.950012,665.700012,171252,641.510864
14-11-2018,669,669,640.25,653.450012,1119117,629.705933
15-11-2018,653.450012,665.950012,647.25,656.349976,920461,632.500549
16-11-2018,664,664,644.400024,650.450012,851972,626.81488
19-11-2018,655,662,649.400024,651.799988,436161,628.115845
20-11-2018,648.549988,655,639.650024,641.099976,290896,617.804688
21-11-2018,642,642.049988,612.200012,620.950012,1687076,598.386841
22-11-2018,623.900024,628.5,617.650024,620.450012,477899,597.905029
26-11-2018,623.5,627.75,600.650024,621.299988,628314,598.724121
27-11-2018,627,640,625.549988,637,773589,613.853638
28-11-2018,643,668.25,640.099976,666.349976,1150990,642.137207
29-11-2018,672,675,659,659.599976,1489912,635.632446
30-11-2018,663,671.950012,661,666.5,504992,642.281677
03-12-2018,670.5,678.5,666.299988,669.849976,463557,645.509949
04-12-2018,673.900024,688.400024,671.400024,684.450012,463485,659.579529
05-12-2018,682.200012,684,673.200012,681.450012,494434,656.688538
06-12-2018,675.299988,685.200012,664.5,668.200012,598535,643.919983
07-12-2018,670.5,685,666.5,681.049988,468211,656.30304
10-12-2018,678,683.049988,665.700012,667.799988,302526,643.534424
11-12-2018,665.150024,681.200012,660.950012,674.25,398365,649.750122
12-12-2018,674.950012,680,671,678.700012,345321,654.038452
13-12-2018,679.25,698.799988,679.25,696.5,365946,671.191711
14-12-2018,695.150024,713,693.5,705.599976,482934,679.960938
17-12-2018,713,714,692.099976,693.549988,612157,668.348755
18-12-2018,694,694,675,676.349976,1040768,651.773804
19-12-2018,673,673,661.75,665.25,940615,641.077148
20-12-2018,662.700012,671.450012,657,666.849976,579639,642.619019
21-12-2018,660.700012,660.700012,643.799988,645.75,981311,622.285706
24-12-2018,658,658.799988,648,649.049988,579592,625.465759
26-12-2018,648.900024,650,637.700012,644.599976,440867,621.17749
27-12-2018,652.099976,663.25,649.299988,657.349976,512892,633.464172
28-12-2018,662.799988,663.900024,656,657.599976,288729,633.705139
31-12-2018,659,662.150024,656.099976,659.849976,268693,635.873352
01-01-2019,661,667,654.299988,664.650024,221951,640.498962
02-01-2019,668,673.700012,662.450012,669.299988,419594,644.97998
03-01-2019,670.900024,677,663.799988,667.549988,355183,643.293579
04-01-2019,671.099976,674,651.150024,660.75,532339,636.740662
07-01-2019,666.950012,682.799988,662.349976,671.150024,675873,646.762756
08-01-2019,673.049988,677.450012,668.200012,669.849976,528366,645.509949
09-01-2019,684.900024,689.799988,664.549988,675.849976,1401279,651.291931
10-01-2019,681.150024,682,672.650024,679.75,591859,655.050293
11-01-2019,683.900024,686,672.799988,683.700012,965600,658.85675
14-01-2019,706,709,695.700012,700.900024,1900868,675.431763
15-01-2019,705.099976,729.799988,705.099976,726.549988,907834,700.149719
16-01-2019,729,737.650024,729,736.549988,570874,709.786316
17-01-2019,736.450012,738.650024,728.75,733.400024,284316,706.750854
18-01-2019,731.950012,736,726.5,731,203144,704.438049
21-01-2019,733,750.700012,733,742.75,439700,715.761047
22-01-2019,740.650024,747.200012,733.849976,744.349976,241180,717.302979
23-01-2019,743.25,743.25,729.049988,731.450012,250110,704.871704
24-01-2019,729.5,739,721.400024,732.799988,185362,706.172607
25-01-2019,728.700012,737.400024,725,730.200012,176637,703.667114
28-01-2019,732.900024,733.849976,719.049988,728.200012,500333,701.739807
29-01-2019,728.200012,730.349976,716.549988,727.349976,618662,700.920593
30-01-2019,727.349976,734.650024,720.599976,724.849976,653889,698.511475
31-01-2019,728,751,727.049988,749.599976,1128305,722.362122
01-02-2019,753.799988,761.799988,745,756.549988,374496,729.059631
04-02-2019,755,762,747.849976,755.650024,329744,728.192322
05-02-2019,751,760,748.549988,754.25,272873,726.843201
06-02-2019,754.25,766.150024,753.799988,762.650024,345880,734.937988
07-02-2019,761.099976,769.5,760.650024,763.349976,241922,735.612549
08-02-2019,764,771.150024,755.099976,759.849976,312650,732.239685
11-02-2019,760,768.650024,757.549988,761.599976,275729,733.926147
12-02-2019,763,763,741,750.400024,292287,723.133179
14-02-2019,753,753,738,739.799988,171101,712.918213
15-02-2019,741.25,746.549988,733,741.75,331471,714.797363
18-02-2019,741,747.5,736.200012,740.099976,168645,713.207336
19-02-2019,738.900024,739.299988,723,725.150024,228364,698.800598
20-02-2019,730,743.450012,727,740.049988,288411,713.159241
21-02-2019,739,739.150024,727.950012,733.349976,200596,706.702698
22-02-2019,733.900024,736.650024,728,733.349976,191573,706.702698
25-02-2019,735,757.799988,735,754.900024,297704,727.469604
26-02-2019,748.150024,752.049988,740,741.700012,394085,714.749268
27-02-2019,745,746.599976,733,734.700012,447430,708.003601
28-02-2019,735.150024,742,732.099976,733.950012,212699,707.280884
01-03-2019,737.799988,742.349976,735.549988,741.150024,237031,714.219238
05-03-2019,742,742.549988,730,732.599976,227036,705.979919
06-03-2019,735,736.900024,727.099976,732.200012,517663,705.594421
07-03-2019,735,735.5,720.75,723.25,538547,696.969666
08-03-2019,723.25,725.900024,711.099976,712.549988,418002,686.658447
11-03-2019,713,718.200012,709.200012,711.650024,1177665,685.791138
12-03-2019,709.900024,714.75,705.700012,706.900024,603082,681.213806
13-03-2019,710,718.75,706.349976,709.150024,466106,683.382019
14-03-2019,714,715,706.299988,708.349976,351044,682.611023
15-03-2019,712.849976,723.650024,709.150024,718.849976,806656,692.729492
18-03-2019,723.450012,723.849976,705.650024,709.75,866618,683.960205
19-03-2019,713,725.900024,707.799988,721.5,686131,695.283264
20-03-2019,726.200012,742,726.200012,738.5,976004,711.665466
22-03-2019,743.349976,746.099976,733.099976,742.150024,371377,715.182861
25-03-2019,741,742,731.5,735.799988,2496241,709.063599
26-03-2019,736,736,719.599976,726.75,438405,700.342407
27-03-2019,728,732.400024,726.25,729.049988,369947,702.558899
28-03-2019,730,745,730,738.5,428974,711.665466
01-04-2019,742.900024,759.599976,742.900024,755.650024,1913427,728.192322
02-04-2019,757.5,765.450012,753.099976,757.099976,877816,729.589661
03-04-2019,759,759.049988,747,754.049988,580434,726.650513
04-04-2019,751.950012,753.799988,745.5,748.25,246998,721.061218
05-04-2019,750,760.5,748.25,756.25,1341969,728.770508
08-04-2019,762.299988,769.950012,755.950012,767.150024,314102,739.274536
09-04-2019,770,773.650024,758.299988,759.849976,336826,732.239685
10-04-2019,763,766.5,752.700012,754.150024,325180,726.746887
11-04-2019,753,753,740.049988,743.150024,375859,716.146545
12-04-2019,746,751.5,741,747.849976,385220,720.67572
15-04-2019,725,732,713.700012,726.650024,1070699,700.246155
16-04-2019,728.299988,728.5,714.549988,723.849976,661281,697.547791
18-04-2019,724.849976,724.849976,713,716.400024,537060,690.36853
22-04-2019,716.400024,725.75,715,720.599976,371246,694.415894
23-04-2019,724,729.799988,718.5,727.849976,322190,701.402527
24-04-2019,727.5,737.799988,724.25,736.400024,366957,709.641846
25-04-2019,736.400024,737.549988,726,728.75,356999,702.269775
26-04-2019,731,739.900024,729.599976,737.099976,333801,710.316345
30-04-2019,739,753,737.5,749.950012,738883,722.699524
02-05-2019,748.599976,748.900024,728.200012,729.849976,950252,703.329773
03-05-2019,723.75,730.599976,719,723.75,366567,697.451416
06-05-2019,718.5,721.950012,711.099976,717.849976,1029470,691.765869
07-05-2019,720.049988,727.400024,719,723.549988,497580,697.258789
08-05-2019,724,725.950012,716,718.099976,440522,692.006714
09-05-2019,721.700012,730.349976,716,721.049988,543215,694.849548
10-05-2019,723,723,714.5,716.049988,521637,690.03125
13-05-2019,718,727.5,712.799988,720.049988,397812,693.885864
14-05-2019,719.5,719.5,704,713.849976,537632,687.911194
15-05-2019,716.650024,724.450012,712.950012,716.5,455637,690.464905
16-05-2019,716.75,736.75,716.75,734.200012,425995,707.521729
17-05-2019,733.299988,735.700012,721,723.799988,577782,697.499634
20-05-2019,725.799988,726.450012,706.849976,722.400024,669439,696.150513
21-05-2019,723.5,723.5,707,709.200012,511790,683.430176
22-05-2019,711.099976,718.200012,707,709.200012,497340,683.430176
23-05-2019,717.700012,717.700012,698.400024,701.25,652528,675.769043
24-05-2019,702.349976,711.849976,701.25,709.450012,497574,683.671082
27-05-2019,708.799988,713.599976,705.299988,709.099976,549476,683.333801
28-05-2019,710,730.5,710,726.650024,493319,700.246155
29-05-2019,726.5,733.700012,724.349976,727.349976,277383,700.920593
30-05-2019,727.799988,737.349976,724,733.299988,217850,706.65448
31-05-2019,735,742,733.549988,736.849976,206651,710.075439
03-06-2019,734,750.700012,729.950012,744.650024,246396,717.592041
04-06-2019,741.950012,741.950012,733.25,734.700012,309295,708.003601
06-06-2019,734.700012,745,734.099976,737.950012,321239,711.135498
07-06-2019,737.700012,744,735.950012,739.349976,320333,712.484619
10-06-2019,738,754.5,738,753.599976,249632,726.216797
11-06-2019,754,758.900024,751.200012,754.849976,287202,727.421387
12-06-2019,754.150024,756,745,753.950012,204706,726.554138
13-06-2019,741.5,747.200012,739.200012,742.700012,378457,725.821106
14-06-2019,744.200012,745.650024,738.400024,740.400024,298249,723.573425
17-06-2019,741.150024,744.700012,737.5,740.400024,331734,723.573425
18-06-2019,740,752.400024,740,750.650024,1001741,733.590454
19-06-2019,751,755,748.75,751.849976,299917,734.763184
20-06-2019,735,756.450012,735,754.549988,636623,737.401794
21-06-2019,754,755,747,750.700012,328861,733.639282
24-06-2019,752,752,742.650024,745.599976,255056,728.655212
25-06-2019,742.5,750.849976,737.25,748.049988,281982,731.049561
26-06-2019,744,751.5,738.099976,739.650024,283076,722.840454
27-06-2019,741,744.950012,728.200012,730.849976,282242,714.240417
28-06-2019,733.900024,739.450012,728.349976,731.950012,329553,715.315491
01-07-2019,734.099976,737.799988,729.650024,731.150024,310899,714.53363
02-07-2019,734.400024,741.150024,730.900024,739.900024,238903,723.084778
03-07-2019,742,742.700012,730.299988,731.5,338665,714.875671
04-07-2019,734,736.349976,729.25,733.900024,266711,717.221191
05-07-2019,736,736,713.200012,718.25,351697,701.926758
08-07-2019,717,724.099976,712.599976,717.450012,301869,701.144958
09-07-2019,717.900024,719.700012,708.900024,715.400024,184016,699.141602
10-07-2019,710.150024,722.599976,706.700012,716.900024,230925,700.607483
11-07-2019,721,723.650024,710,720.849976,220817,704.467712
12-07-2019,723.299988,730.849976,719.349976,727.099976,179046,710.575684
15-07-2019,762,781.400024,754.5,779.450012,1168501,761.735962
16-07-2019,776.799988,787.900024,774.799988,784.950012,388399,767.110962
17-07-2019,784.700012,795,777,794.299988,253810,776.248474
18-07-2019,792.400024,798.599976,786.049988,793.150024,248113,775.124573
19-07-2019,789.700012,794.400024,781.400024,785.599976,205113,767.746155
22-07-2019,786.900024,792,782.25,785.150024,333145,767.306396
23-07-2019,785.450012,804.25,785.450012,789.900024,497688,771.948486
24-07-2019,789.5,793.299988,783.650024,786.049988,345353,768.185913
25-07-2019,787,800.25,787,795.049988,327591,776.981384
26-07-2019,793,794.700012,782.700012,787.299988,293235,769.407532
29-07-2019,787.549988,796.849976,786.400024,791.549988,272313,773.560913
30-07-2019,792,798,788.25,792.799988,267946,774.782532
31-07-2019,792,799.450012,781.75,794,302444,775.955261
01-08-2019,790.799988,790.799988,764.799988,769.049988,365299,751.572327
02-08-2019,769,780,762.400024,775.400024,390658,757.778015
05-08-2019,773,785.75,768.25,776.75,471827,759.09729
06-08-2019,778,783.900024,770,774.650024,852181,757.045044
07-08-2019,779,783.599976,772.349976,776.150024,462609,758.510986
08-08-2019,778,792.900024,778,789.099976,539576,771.166626
09-08-2019,791.5,796.400024,785.5,790.150024,483333,772.192749
13-08-2019,788.349976,788.349976,760.5,764.099976,600910,746.734802
14-08-2019,774,778.5,768.450012,774.900024,341438,757.289368
16-08-2019,779,779.799988,762.25,774.549988,226017,756.947327
19-08-2019,777,783.299988,773.799988,777.799988,262801,760.123413
20-08-2019,781.049988,797.900024,781.049988,792.900024,513651,774.88031
21-08-2019,792.799988,803,792.75,799.549988,339416,781.37915
22-08-2019,800.799988,800.799988,792.5,795.900024,199130,777.812134
23-08-2019,798,809.950012,796,801.900024,355792,783.67572
26-08-2019,800,806.75,787.5,802.900024,174352,784.653076
27-08-2019,791,795,781.200012,785,248061,767.159851
28-08-2019,785.099976,804.900024,785.099976,802.099976,164188,783.871155
29-08-2019,798.900024,809.650024,796,806.849976,177460,788.513184
30-08-2019,808,817.5,802,814.599976,156965,796.087097
03-09-2019,815,822.299988,812.049988,814.299988,132158,795.793945
04-09-2019,813.700012,822.700012,810.25,821.049988,138123,802.390503
05-09-2019,827.099976,837,826.400024,834.200012,252694,815.241699
06-09-2019,838,847.400024,835.150024,840.150024,145166,821.056458
09-09-2019,838.049988,840,827.299988,829.200012,118172,810.355347
11-09-2019,821.650024,827.950012,814.700012,820.099976,265029,801.462097
12-09-2019,818,819.799988,811.200012,816.349976,90350,797.797363
13-09-2019,816,830.849976,816,829.150024,138896,810.306458
16-09-2019,831.549988,838,821,827.450012,114142,808.645142
17-09-2019,830,834,821,831.049988,99229,812.163269
18-09-2019,831.049988,832.900024,824.349976,829.849976,82724,810.99054
19-09-2019,825,826.650024,815.099976,821,116759,802.341675
20-09-2019,822.349976,834.75,802,805.099976,354899,786.802979
23-09-2019,810,810,742.099976,765.099976,1147448,747.712036
24-09-2019,767.700012,798.700012,766,794.049988,958044,776.00415
25-09-2019,791,801.549988,782.200012,792.200012,461452,774.196228
26-09-2019,792,796.849976,778.5,782.049988,337839,764.276794
27-09-2019,788,794.25,780.049988,782.349976,624420,764.570007
30-09-2019,782.349976,807.950012,782.349976,805.299988,350883,786.998474
01-10-2019,809.799988,809.799988,791.75,793.549988,225039,775.515503
03-10-2019,793,797.75,784.299988,785.5,126115,767.648438
04-10-2019,795,797.549988,788.099976,793.25,215977,775.22229
07-10-2019,795,802.200012,786.5,789.549988,179647,771.606384
09-10-2019,793.5,796,779,784,132315,766.182495
10-10-2019,783.5,794.5,777.099976,782.900024,166108,765.107544
11-10-2019,785.950012,823.349976,777,815.700012,532657,797.16217
14-10-2019,789,796.900024,781,785.650024,454942,767.795105
15-10-2019,773.799988,774.75,765,767.799988,342205,750.350708
16-10-2019,768,776,762,771.450012,322436,753.917786
17-10-2019,768.900024,770.549988,765.200012,769.099976,180800,751.621094
18-10-2019,766.650024,773.599976,760.099976,767.75,279245,750.30188
22-10-2019,691,691,638.299988,643.299988,11771789,635.299988
23-10-2019,637.299988,656.400024,615,650.75,5055545,650.75
24-10-2019,650.700012,653.099976,632.049988,635.400024,1726291,635.400024
25-10-2019,644.299988,652.5,636,637.549988,834375,637.549988
27-10-2019,null,null,null,null,null,null
29-10-2019,654,654,647,650.599976,1048701,650.599976
30-10-2019,659,671,656.25,660.450012,914388,660.450012
31-10-2019,669,695.25,666.450012,685.5,1215604,685.5
01-11-2019,689.900024,694,682.75,688,600344,688
04-11-2019,684.400024,732.5,678.299988,709,1849592,709
05-11-2019,709,709,691.75,695.799988,852025,695.799988
06-11-2019,697.599976,721.5,691.700012,712.299988,914354,712.299988
07-11-2019,716,724,712.400024,719.950012,511202,719.950012
08-11-2019,722.5,724.450012,705.599976,708.450012,531345,708.450012
11-11-2019,707,707.099976,698.099976,704.5,289378,704.5
13-11-2019,695.5,699.950012,688,691.25,627414,691.25
14-11-2019,695,709.75,695,705.349976,603556,705.349976
15-11-2019,707.299988,712.650024,702.150024,703.950012,346966,703.950012
18-11-2019,704.5,709.900024,699.75,705.549988,237120,705.549988
19-11-2019,710.900024,714.400024,706,712.799988,378657,712.799988
20-11-2019,712.650024,715,706.200012,712.799988,294235,712.799988
21-11-2019,714.049988,721.400024,710.799988,713.75,320743,713.75
22-11-2019,713,713,685.099976,693.150024,711451,693.150024
25-11-2019,694.400024,705,694,698,233214,698
26-11-2019,701.200012,707.200012,686,690.700012,213471,690.700012
27-11-2019,695.700012,697.599976,690.200012,696.049988,147999,696.049988
28-11-2019,698.5,703,694.400024,701.650024,239978,701.650024
29-11-2019,703,703.200012,691.799988,695.950012,166618,695.950012
02-12-2019,702.349976,704.349976,690.349976,692.900024,1921228,692.900024
03-12-2019,695.799988,699.400024,689,698.349976,384709,698.349976
04-12-2019,695,710.400024,694.349976,708.200012,377545,708.200012
05-12-2019,707.099976,716.099976,704.299988,714.650024,860862,714.650024
06-12-2019,717.900024,720,709.650024,715.150024,294722,715.150024
09-12-2019,716.799988,722.200012,715.099976,716.900024,448298,716.900024
10-12-2019,715.549988,718.650024,710.200012,714.25,260536,714.25
11-12-2019,715.5,722.75,713.400024,720.799988,227873,720.799988
12-12-2019,720.799988,720.799988,695,701.849976,1731787,701.849976
13-12-2019,706.900024,712.700012,700.099976,711.25,694603,711.25
16-12-2019,711.25,720,710.349976,714,253695,714
17-12-2019,717.549988,731.5,715.299988,729.299988,509857,729.299988
18-12-2019,729.5,737.25,723.099976,732.5,352727,732.5
19-12-2019,732,736,724.799988,731.200012,370840,731.200012
20-12-2019,732.099976,735,728.349976,732,187057,732
23-12-2019,732,737.25,731.400024,735.849976,105902,735.849976
24-12-2019,736.150024,736.799988,728.5,733.25,92997,733.25
26-12-2019,734,734.700012,727,729.25,139762,729.25
27-12-2019,729.25,737.650024,728.75,736.799988,105409,736.799988
30-12-2019,736,737.700012,727.450012,732.799988,669807,732.799988
31-12-2019,732.099976,737.5,725.5,731.75,254993,731.75
01-01-2020,733.599976,739.900024,732.650024,736.900024,86151,736.900024
02-01-2020,738.049988,740.200012,731.349976,734.700012,131129,734.700012
03-01-2020,734.5,747.75,734.25,746.099976,288087,746.099976
06-01-2020,745.099976,753.950012,736.700012,738.650024,191481,738.650024
07-01-2020,739.049988,742.349976,725.150024,727.75,211980,727.75
08-01-2020,725,728.700012,708.400024,718.150024,280761,718.150024
09-01-2020,722.900024,731.25,714.5,727.549988,321670,727.549988
10-01-2020,732,742.799988,730.799988,738.25,359749,738.25
13-01-2020,763,777.549988,755.549988,773.400024,968764,773.400024
14-01-2020,770.599976,776.799988,767.299988,775.349976,239821,775.349976
15-01-2020,775,775,762.799988,767.700012,185699,767.700012
16-01-2020,772,772.200012,760.400024,766.849976,153766,766.849976
17-01-2020,771,772,762.700012,767.849976,88333,767.849976
20-01-2020,770,774.450012,763.349976,768.349976,105542,768.349976
21-01-2020,768.349976,770.700012,760.549988,761.900024,61778,761.900024
22-01-2020,765.099976,778,765.099976,769.950012,276071,769.950012
23-01-2020,774,785.200012,774,784.549988,266667,784.549988
24-01-2020,776,786.200012,773.799988,782.950012,713930,782.950012
27-01-2020,779.700012,784.5,774.799988,777.900024,111853,777.900024
28-01-2020,779.799988,780.799988,772.099976,777.900024,543368,777.900024
29-01-2020,783,792.549988,783,789.450012,434306,789.450012
30-01-2020,792,792,778.049988,780.200012,80734,780.200012
31-01-2020,781.75,784.25,771.75,776.349976,70808,776.349976
03-02-2020,780.549988,790,764.5,767.200012,119026,767.200012
04-02-2020,769.5,789.349976,769.5,787.849976,105746,787.849976
05-02-2020,787,787,774.25,784.5,350877,784.5
06-02-2020,784.5,786.549988,770,770.950012,936087,770.950012
07-02-2020,772,778.849976,771.049988,777.200012,99982,777.200012
10-02-2020,776,778.049988,769.799988,773.25,75767,773.25
11-02-2020,776.200012,779.25,769.75,773.799988,99312,773.799988
12-02-2020,775,783,775,781.049988,92870,781.049988
13-02-2020,787,794.299988,782.400024,792.349976,132909,792.349976
14-02-2020,794.900024,799,785,786.200012,418263,786.200012
17-02-2020,787,793.400024,783.400024,789.400024,90639,789.400024
18-02-2020,787,798.900024,783.299988,797.450012,107455,797.450012
19-02-2020,800,804.700012,796,800.700012,100572,800.700012
20-02-2020,800.450012,805.900024,794.049988,796.700012,432363,796.700012
24-02-2020,798,811.200012,792.299988,795.25,311918,795.25
25-02-2020,800,805.5,795.400024,798.349976,382740,798.349976
26-02-2020,798,801.5,780.799988,782.700012,210802,782.700012
27-02-2020,780,780.549988,772.400024,777.599976,137900,777.599976
28-02-2020,755,756,723.299988,731.349976,719556,731.349976
02-03-2020,733,765.849976,733,744.349976,521793,744.349976
03-03-2020,755.799988,758.150024,741.650024,746.299988,525353,746.299988
04-03-2020,754.700012,761.299988,745.599976,758.599976,623340,758.599976
05-03-2020,762,773.349976,752,754.650024,370877,754.650024
06-03-2020,744,744,729.450012,739.25,2788077,739.25
09-03-2020,739.25,739.25,739.25,739.25,0,739.25
11-03-2020,693,696.25,669.599976,685.150024,498427,685.150024
12-03-2020,670,670,627.700012,631.549988,1236804,631.549988
13-03-2020,586,667.599976,568.799988,642.200012,932945,642.200012
16-03-2020,640,640,580,582.849976,927681,582.849976
17-03-2020,585.200012,592.049988,550.099976,555.599976,967841,555.599976
18-03-2020,565.200012,578,528.150024,535.049988,673598,535.049988
19-03-2020,530,557.700012,511.100006,545.400024,2113081,545.400024
20-03-2020,554,617,549.650024,584.950012,1824428,584.950012
23-03-2020,548,560,514.799988,526.700012,724224,526.700012
24-03-2020,535,605.700012,525.549988,593.549988,629411,593.549988
25-03-2020,593,634.799988,566,605.950012,553061,605.950012
26-03-2020,615.950012,650.5,614,646.299988,497057,646.299988
27-03-2020,655,675,642.799988,653.549988,745637,653.549988
30-03-2020,634,664,621.950012,627.200012,1128539,627.200012
31-03-2020,645.5,661.950012,634.75,640.299988,1706196,640.299988
01-04-2020,640,640,594.25,604.099976,825328,604.099976
03-04-2020,604.099976,606.650024,582.349976,585.450012,327035,585.450012
07-04-2020,611.900024,643.950012,611.900024,641.099976,418888,641.099976
08-04-2020,628.200012,655.200012,626.75,631.700012,588592,631.700012
09-04-2020,648.900024,652.75,632.700012,637.599976,547723,637.599976
13-04-2020,630,651.599976,627,637.099976,274101,637.099976
15-04-2020,645,652.799988,635.700012,639.150024,794120,639.150024
16-04-2020,622.849976,634.299988,604,624.200012,402658,624.200012
17-04-2020,640,646,626.049988,629.299988,221622,629.299988
20-04-2020,640,660.700012,639.299988,652.900024,455876,652.900024
21-04-2020,632,646.5,627.700012,633.049988,265764,633.049988
22-04-2020,633.200012,645.299988,628.099976,642.049988,166193,642.049988
23-04-2020,649,683,638.5,678.450012,1541355,678.450012
24-04-2020,674.400024,674.900024,655.650024,658.299988,263300,658.299988
27-04-2020,660,680.849976,660,664.25,134910,664.25
28-04-2020,673,676.650024,653.650024,661.049988,201758,661.049988
29-04-2020,667.799988,681.700012,658.099976,677.700012,199318,677.700012
30-04-2020,696,719.799988,696,716.200012,430782,716.200012
04-05-2020,694.549988,700.950012,670.450012,673.75,202813,673.75
05-05-2020,681.150024,685.5,670.099976,674.25,120580,674.25
06-05-2020,679.700012,681.299988,664.25,666.200012,162251,666.200012
07-05-2020,666.099976,674.099976,663.049988,665.049988,93599,665.049988
08-05-2020,672.900024,680.950012,668.599976,674.650024,158605,674.650024
11-05-2020,680,698.400024,677.700012,682.75,147260,682.75
12-05-2020,678,691,675.5,687.75,156715,687.75
13-05-2020,700,700,684.599976,693.900024,192736,693.900024
14-05-2020,664,671.650024,654.049988,658.099976,472186,658.099976
15-05-2020,665.5,665.5,647,652.299988,310061,652.299988
18-05-2020,664,670.450012,653.900024,663.599976,251322,663.599976
19-05-2020,665.900024,674.700012,655.900024,668.950012,254650,668.950012
20-05-2020,666.549988,673.200012,659.799988,670.200012,230449,670.200012
21-05-2020,668.400024,679.700012,665.299988,672,217317,672
22-05-2020,672.150024,695.25,672.150024,692.25,300974,692.25
26-05-2020,695,699.599976,678.950012,680.150024,208176,680.150024
27-05-2020,682.75,708.900024,675.099976,705.299988,1274033,705.299988
